ticket,type,entry_time,exit_time,entry_price,exit_price,pnl,exit_reason,magic,basket_layers
1,BUY,2026-05-08 18:46:00,2026-05-08 18:47:00,80171.44,80204.21,1.8162000000002445,Basket TP,20260523,1
2,BUY,2026-05-08 19:52:00,2026-05-08 19:53:00,80036.73,80056.73,1.05,Basket TP,20260523,1
3,BUY,2026-05-08 20:16:00,2026-05-08 20:17:00,79772.42,79792.42,1.05,Basket TP,20260523,1
4,BUY,2026-05-08 20:20:00,2026-05-08 20:32:00,79752.25,79722.25,-1.9499999999999997,Basket TP,20260524,2
5,BUY,2026-05-08 20:26:00,2026-05-08 20:32:00,79652.25,79722.25,4.05,Basket TP,20260524,2
6,BUY,2026-05-08 20:35:00,2026-05-08 20:36:00,79774.31,79794.31,1.05,Basket TP,20260524,1
7,BUY,2026-05-08 20:37:00,2026-05-08 20:38:00,79786.58,79806.58,1.05,Basket TP,20260524,1
8,BUY,2026-05-08 20:39:00,2026-05-08 21:00:00,79802.77,79717.29666666666,-5.2784000000005475,Basket TP,20260524,3
9,BUY,2026-05-08 20:40:00,2026-05-08 21:00:00,79686.35,79717.29666666666,1.7067999999993482,Basket TP,20260524,3
10,BUY,2026-05-08 20:40:00,2026-05-08 21:00:00,79602.77,79717.29666666666,6.7215999999994525,Basket TP,20260524,3
11,SELL,2026-05-08 21:07:00,2026-05-08 21:08:00,79895.86,79869.52,1.4303999999997905,Basket TP,20260523,1
12,SELL,2026-05-08 21:18:00,2026-05-08 21:22:00,80025.67,80240.8925,-13.06335000000021,Basket TP,20260523,4
13,SELL,2026-05-08 21:19:00,2026-05-08 21:22:00,80339.3,80240.8925,5.75445000000007,Basket TP,20260523,4
14,SELL,2026-05-08 21:19:00,2026-05-08 21:22:00,80339.3,80240.8925,5.75445000000007,Basket TP,20260523,4
15,SELL,2026-05-08 21:19:00,2026-05-08 21:22:00,80339.3,80240.8925,5.75445000000007,Basket TP,20260523,4
16,SELL,2026-05-08 21:23:00,2026-05-08 21:24:00,80231.41,80185.35,2.6135999999998605,Basket TP,20260523,1
17,SELL,2026-05-08 21:25:00,2026-05-08 21:26:00,80239.65,80219.65,1.05,Basket TP,20260524,1
18,SELL,2026-05-08 21:27:00,2026-05-08 21:28:00,80186.88,80166.88,1.05,Basket TP,20260524,1
19,SELL,2026-05-08 21:29:00,2026-05-08 21:30:00,80153.95,80054.32,5.827799999999406,Basket TP,20260524,1
20,BUY,2026-05-08 22:28:00,2026-05-08 22:29:00,79663.23,79683.23,1.05,Basket TP,20260523,1
21,BUY,2026-05-08 23:42:00,2026-05-08 23:43:00,79746.23,79785.59,2.211600000000035,Basket TP,20260523,1
22,BUY,2026-05-09 03:58:00,2026-05-09 03:59:00,80103.99,80125.07,1.1148000000001048,Basket TP,20260523,1
23,BUY,2026-05-09 06:17:00,2026-05-09 06:18:00,80170.73,80223.72,3.0294000000003143,Basket TP,20260523,1
24,BUY,2026-05-09 10:44:00,2026-05-09 10:45:00,80328.49,80349.96,1.1382000000000698,Basket TP,20260523,1
25,BUY,2026-05-09 11:46:00,2026-05-09 11:51:00,80442.16,80462.16,1.05,Basket TP,20260523,1
26,BUY,2026-05-09 13:48:00,2026-05-09 17:39:00,80249.3,80270.4,25.380999999989434,Basket TP,20260523,1
27,BUY,2026-05-09 21:30:00,2026-05-09 21:43:00,80310.35,80330.35,1.05,Basket TP,20260523,1
28,BUY,2026-05-10 03:17:00,2026-05-10 03:44:00,80830.23,80800.23,-1.9499999999999997,Basket TP,20260523,2
29,BUY,2026-05-10 03:34:00,2026-05-10 03:44:00,80730.23,80800.23,4.05,Basket TP,20260523,2
30,BUY,2026-05-10 05:34:00,2026-05-10 05:35:00,80691.82,80741.49,2.8301999999998952,Basket TP,20260523,1
31,BUY,2026-05-10 06:33:00,2026-05-10 06:34:00,80639.92,80659.92,1.05,Basket TP,20260523,1
32,BUY,2026-05-10 10:33:00,2026-05-10 10:34:00,80724.36,80744.36,1.05,Basket TP,20260523,1
33,BUY,2026-05-10 12:53:00,2026-05-10 13:04:00,80690.34,80710.34,1.05,Basket TP,20260523,1
34,BUY,2026-05-10 14:55:00,2026-05-10 15:09:00,80739.52,80759.52,24.05,Basket TP,20260523,1
35,BUY,2026-05-10 16:39:00,2026-05-10 16:47:00,80756.82,80776.82,24.05,Basket TP,20260523,1
36,BUY,2026-05-10 18:24:00,2026-05-10 18:28:00,80796.59,80816.59,24.05,Basket TP,20260523,1
37,BUY,2026-05-10 21:51:00,2026-05-10 21:52:00,80892.95,80920.02,1.4742000000004192,Basket TP,20260523,1
38,BUY,2026-05-11 01:44:00,2026-05-11 01:50:00,81260.1,81280.1,1.05,Basket TP,20260523,1
39,BUY,2026-05-11 03:21:00,2026-05-11 03:27:00,81167.76,81137.76,-1.9499999999999997,Basket TP,20260523,2
40,BUY,2026-05-11 03:23:00,2026-05-11 03:27:00,81067.76,81137.76,4.05,Basket TP,20260523,2
41,BUY,2026-05-11 03:36:00,2026-05-11 03:37:00,80992.03,81046.39,3.111600000000035,Basket TP,20260523,1
42,BUY,2026-05-11 03:51:00,2026-05-11 03:52:00,80489.46,80607.59,6.937799999999406,Basket TP,20260523,1
43,BUY,2026-05-11 03:55:00,2026-05-11 03:56:00,80612.85,80636.36,1.2605999999996857,Basket TP,20260524,1
44,BUY,2026-05-11 03:57:00,2026-05-11 03:58:00,80636.18,80688.06,2.9628000000002794,Basket TP,20260524,1
45,BUY,2026-05-11 03:59:00,2026-05-11 04:00:00,80688.1,80714.43,1.4297999999992317,Basket TP,20260524,1
46,BUY,2026-05-11 06:58:00,2026-05-11 06:59:00,82149.33,82169.33,1.05,Basket TP,20260523,1
47,BUY,2026-05-11 07:17:00,2026-05-11 07:21:00,81823.12,81637.096,-11.31143999999942,Basket TP,20260523,5
48,BUY,2026-05-11 07:18:00,2026-05-11 07:21:00,81693.0,81637.096,-3.5042399999996996,Basket TP,20260523,5
49,BUY,2026-05-11 07:19:00,2026-05-11 07:21:00,81623.12,81637.096,0.6885600000005797,Basket TP,20260523,5
50,BUY,2026-05-11 07:20:00,2026-05-11 07:21:00,81523.12,81637.096,6.688560000000579,Basket TP,20260523,5
51,BUY,2026-05-11 07:20:00,2026-05-11 07:21:00,81423.12,81637.096,12.688560000000578,Basket TP,20260523,5
52,BUY,2026-05-11 07:22:00,2026-05-11 07:23:00,81610.75,81630.75,1.05,Basket TP,20260523,1
53,BUY,2026-05-11 07:25:00,2026-05-11 07:31:00,81760.23,81727.385,-2.12070000000007,Basket TP,20260524,2
54,BUY,2026-05-11 07:28:00,2026-05-11 07:31:00,81654.54,81727.385,4.220700000000069,Basket TP,20260524,2
55,BUY,2026-05-11 07:43:00,2026-05-11 07:44:00,81575.44,81625.44,2.85,Basket TP,20260523,1
56,BUY,2026-05-11 07:55:00,2026-05-11 07:56:00,81321.96,81341.96,1.05,Basket TP,20260523,1
57,BUY,2026-05-11 09:17:00,2026-05-11 09:18:00,81231.87,81270.26,2.153399999999965,Basket TP,20260523,1
58,BUY,2026-05-11 09:40:00,2026-05-11 09:42:00,81178.9,81198.9,1.05,Basket TP,20260524,1
59,BUY,2026-05-11 09:43:00,2026-05-11 09:44:00,81173.46,81204.21,1.695,Basket TP,20260524,1
60,BUY,2026-05-11 10:09:00,2026-05-11 10:10:00,81008.52,81030.45,1.165799999999581,Basket TP,20260523,1
61,BUY,2026-05-11 10:17:00,2026-05-11 10:24:00,80693.2,80663.2,-1.9499999999999997,Basket TP,20260523,2
62,BUY,2026-05-11 10:20:00,2026-05-11 10:24:00,80593.2,80663.2,4.05,Basket TP,20260523,2
63,BUY,2026-05-11 10:40:00,2026-05-11 10:41:00,80612.14,80669.7,3.3035999999998604,Basket TP,20260524,1
64,BUY,2026-05-11 10:42:00,2026-05-11 10:43:00,80655.15,80678.19,1.2324000000004889,Basket TP,20260524,1
65,BUY,2026-05-11 10:44:00,2026-05-11 10:45:00,80667.64,80707.59,2.2469999999998254,Basket TP,20260524,1
66,BUY,2026-05-11 12:47:00,2026-05-11 12:49:00,80786.22,80806.22,1.05,Basket TP,20260523,1
67,BUY,2026-05-11 13:44:00,2026-05-11 13:53:00,80806.94,80826.94,24.05,Basket TP,20260523,1
68,BUY,2026-05-11 14:08:00,2026-05-11 14:09:00,80712.55,80732.55,24.05,Basket TP,20260523,1
69,BUY,2026-05-11 18:01:00,2026-05-11 18:03:00,80971.47,80991.47,24.05,Basket TP,20260523,1
70,BUY,2026-05-11 19:53:00,2026-05-11 19:54:00,81052.83,81072.83,24.05,Basket TP,20260523,1
71,BUY,2026-05-11 20:33:00,2026-05-11 20:41:00,81044.94,80914.94,-157.45,Basket TP,20260523,4
72,BUY,2026-05-11 20:34:00,2026-05-11 20:41:00,80944.94,80914.94,-36.449999999999996,Basket TP,20260523,4
73,BUY,2026-05-11 20:35:00,2026-05-11 20:41:00,80844.94,80914.94,84.55,Basket TP,20260523,4
74,BUY,2026-05-11 20:37:00,2026-05-11 20:41:00,80744.94,80914.94,205.54999999999998,Basket TP,20260523,4
75,BUY,2026-05-11 21:29:00,2026-05-11 21:31:00,80814.84,80784.04,-1.9980000000001745,Basket TP,20260523,2
76,BUY,2026-05-11 21:30:00,2026-05-11 21:31:00,80713.24,80784.04,4.097999999999301,Basket TP,20260523,2
77,BUY,2026-05-11 21:35:00,2026-05-11 21:36:00,80573.97,80643.25,4.00679999999993,Basket TP,20260523,1
78,BUY,2026-05-11 23:44:00,2026-05-11 23:45:00,81620.93,81640.93,1.05,Basket TP,20260523,1
79,BUY,2026-05-12 00:04:00,2026-05-12 00:05:00,81453.25,81511.3,3.3330000000001747,Basket TP,20260523,1
80,BUY,2026-05-12 03:44:00,2026-05-12 03:45:00,81793.52,81813.52,1.05,Basket TP,20260523,1
81,BUY,2026-05-12 04:12:00,2026-05-12 04:37:00,81729.15,81699.15,-1.9499999999999997,Basket TP,20260523,2
82,BUY,2026-05-12 04:24:00,2026-05-12 04:37:00,81629.15,81699.15,4.05,Basket TP,20260523,2
83,BUY,2026-05-12 04:40:00,2026-05-12 04:41:00,81703.38,81723.38,1.05,Basket TP,20260524,1
84,BUY,2026-05-12 04:42:00,2026-05-12 04:43:00,81725.33,81745.33,1.05,Basket TP,20260524,1
85,BUY,2026-05-12 04:44:00,2026-05-12 04:51:00,81730.83,81750.83,1.05,Basket TP,20260524,1
86,BUY,2026-05-12 08:24:00,2026-05-12 08:25:00,81285.06,81390.44,6.1728000000002785,Basket TP,20260523,1
87,BUY,2026-05-12 08:26:00,2026-05-12 08:47:00,81408.07,81078.07,-19.95,Basket TP,20260524,8
88,BUY,2026-05-12 08:30:00,2026-05-12 08:47:00,81308.07,81078.07,-13.95,Basket TP,20260524,8
89,BUY,2026-05-12 08:34:00,2026-05-12 08:47:00,81208.07,81078.07,-7.95,Basket TP,20260524,8
90,BUY,2026-05-12 08:34:00,2026-05-12 08:47:00,81108.07,81078.07,-1.9499999999999997,Basket TP,20260524,8
91,BUY,2026-05-12 08:35:00,2026-05-12 08:47:00,81008.07,81078.07,4.05,Basket TP,20260524,8
92,BUY,2026-05-12 08:37:00,2026-05-12 08:47:00,80908.07,81078.07,10.049999999999999,Basket TP,20260524,8
93,BUY,2026-05-12 08:39:00,2026-05-12 08:47:00,80808.07,81078.07,16.05,Basket TP,20260524,8
94,BUY,2026-05-12 08:41:00,2026-05-12 08:47:00,80708.07,81078.07,22.05,Basket TP,20260524,8
95,BUY,2026-05-12 08:48:00,2026-05-12 08:49:00,81095.17,81119.87,1.3319999999998253,Basket TP,20260524,1
96,BUY,2026-05-12 13:35:00,2026-05-12 13:36:00,81116.84,81168.65,62.54009999999718,Basket TP,20260523,1
97,BUY,2026-05-12 14:05:00,2026-05-12 14:06:00,80904.49,80924.49,24.05,Basket TP,20260523,1
98,BUY,2026-05-12 14:07:00,2026-05-12 14:08:00,80917.24,80937.24,24.05,Basket TP,20260523,1
99,BUY,2026-05-12 14:10:00,2026-05-12 14:11:00,80949.27,80969.27,24.05,Basket TP,20260524,1
100,BUY,2026-05-12 14:12:00,2026-05-12 14:13:00,81035.44,81062.49,32.580500000003525,Basket TP,20260524,1
101,BUY,2026-05-12 14:14:00,2026-05-12 14:19:00,81041.13,81011.13,-36.449999999999996,Basket TP,20260524,2
102,BUY,2026-05-12 14:15:00,2026-05-12 14:19:00,80941.13,81011.13,84.55,Basket TP,20260524,2
103,BUY,2026-05-12 14:50:00,2026-05-12 14:51:00,80860.25,80919.54,71.59089999999225,Basket TP,20260523,1
104,BUY,2026-05-12 18:25:00,2026-05-12 18:26:00,80552.39,80603.85,62.11660000000775,Basket TP,20260524,1
105,BUY,2026-05-12 18:27:00,2026-05-12 18:30:00,80606.7,80626.7,24.05,Basket TP,20260524,1
106,BUY,2026-05-12 20:17:00,2026-05-12 20:32:00,80773.79,80693.78999999998,-96.95000000001761,Basket TP,20260523,3
107,BUY,2026-05-12 20:20:00,2026-05-12 20:32:00,80673.79,80693.78999999998,24.049999999982393,Basket TP,20260523,3
108,BUY,2026-05-12 20:30:00,2026-05-12 20:32:00,80573.79,80693.78999999998,145.0499999999824,Basket TP,20260523,3
109,BUY,2026-05-12 22:27:00,2026-05-12 22:28:00,80215.56,80244.5,1.5864000000001397,Basket TP,20260523,1
110,SELL,2026-05-13 00:18:00,2026-05-13 00:19:00,80250.37,80230.37,1.05,Basket TP,20260523,1
111,SELL,2026-05-13 00:22:00,2026-05-13 01:02:00,80327.84,80407.84000000001,-4.950000000000873,Basket TP,20260523,3
112,SELL,2026-05-13 00:30:00,2026-05-13 01:02:00,80427.84,80407.84000000001,1.049999999999127,Basket TP,20260523,3
113,SELL,2026-05-13 00:54:00,2026-05-13 01:02:00,80527.84,80407.84000000001,7.049999999999126,Basket TP,20260523,3
114,BUY,2026-05-13 03:41:00,2026-05-13 03:44:00,80659.47,80679.47,1.05,Basket TP,20260523,1
115,BUY,2026-05-13 04:36:00,2026-05-13 04:57:00,80585.03,80556.18,-1.881000000000349,Basket TP,20260523,2
116,BUY,2026-05-13 04:49:00,2026-05-13 04:57:00,80485.03,80556.18,4.11899999999965,Basket TP,20260523,2
117,BUY,2026-05-13 04:58:00,2026-05-13 04:59:00,80543.64,80563.64,1.05,Basket TP,20260524,1
118,BUY,2026-05-13 06:38:00,2026-05-13 06:39:00,80517.0,80537.0,1.05,Basket TP,20260523,1
119,BUY,2026-05-13 16:23:00,2026-05-13 16:28:00,81135.16,81155.16,24.05,Basket TP,20260523,1
120,BUY,2026-05-13 17:14:00,2026-05-13 17:20:00,81097.18,81117.18,24.05,Basket TP,20260523,1
121,BUY,2026-05-13 17:31:00,2026-05-13 17:32:00,80951.59,80971.59,24.05,Basket TP,20260523,1
122,BUY,2026-05-13 17:36:00,2026-05-13 17:38:00,80901.02,80921.02,24.05,Basket TP,20260523,1
123,BUY,2026-05-13 17:45:00,2026-05-13 17:47:00,80839.67,80859.67,24.05,Basket TP,20260523,1
124,BUY,2026-05-13 18:10:00,2026-05-13 18:16:00,80651.92,80621.92,-36.449999999999996,Basket TP,20260523,2
125,BUY,2026-05-13 18:13:00,2026-05-13 18:16:00,80551.92,80621.92,84.55,Basket TP,20260523,2
126,BUY,2026-05-13 18:20:00,2026-05-13 18:21:00,80628.14,80648.14,24.05,Basket TP,20260524,1
127,BUY,2026-05-13 18:22:00,2026-05-13 18:31:00,80645.22,80615.22,-36.449999999999996,Basket TP,20260524,2
128,BUY,2026-05-13 18:28:00,2026-05-13 18:31:00,80545.22,80615.22,84.55,Basket TP,20260524,2
129,BUY,2026-05-13 18:35:00,2026-05-13 18:40:00,80633.71,80653.71,24.05,Basket TP,20260524,1
130,BUY,2026-05-13 18:53:00,2026-05-13 19:03:00,80521.01,80541.01,24.05,Basket TP,20260523,1
131,SELL,2026-05-13 23:37:00,2026-05-13 23:52:00,79061.61,79091.61,-1.9499999999999997,Basket TP,20260523,2
132,SELL,2026-05-13 23:47:00,2026-05-13 23:52:00,79161.61,79091.61,4.05,Basket TP,20260523,2
133,SELL,2026-05-14 01:23:00,2026-05-14 01:31:00,79707.24,79687.24,1.05,Basket TP,20260523,1
134,SELL,2026-05-14 01:35:00,2026-05-14 01:36:00,79692.8,79672.8,1.05,Basket TP,20260524,1
135,SELL,2026-05-14 01:37:00,2026-05-14 01:42:00,79663.63,79693.63,-1.9499999999999997,Basket TP,20260524,2
136,SELL,2026-05-14 01:40:00,2026-05-14 01:42:00,79763.63,79693.63,4.05,Basket TP,20260524,2
137,SELL,2026-05-14 03:02:00,2026-05-14 03:03:00,79625.7,79605.7,1.05,Basket TP,20260523,1
138,SELL,2026-05-14 07:02:00,2026-05-14 07:03:00,79338.43,79318.43,1.05,Basket TP,20260523,1
139,SELL,2026-05-14 07:17:00,2026-05-14 07:19:00,79518.34,79498.34,1.05,Basket TP,20260523,1
140,SELL,2026-05-14 07:48:00,2026-05-14 07:49:00,79612.52,79592.52,1.05,Basket TP,20260523,1
141,SELL,2026-05-14 08:53:00,2026-05-14 09:12:00,79580.8,79560.8,1.05,Basket TP,20260523,1
142,SELL,2026-05-14 11:12:00,2026-05-14 17:40:00,79187.68,79517.68,-19.95,Basket TP,20260523,8
143,SELL,2026-05-14 11:18:00,2026-05-14 17:40:00,79287.68,79517.68,-13.95,Basket TP,20260523,8
144,SELL,2026-05-14 11:48:00,2026-05-14 17:40:00,79387.68,79517.68,-7.95,Basket TP,20260523,8
145,SELL,2026-05-14 12:21:00,2026-05-14 17:40:00,79487.68,79517.68,-1.9499999999999997,Basket TP,20260523,8
146,SELL,2026-05-14 12:30:00,2026-05-14 17:40:00,79587.68,79517.68,4.05,Basket TP,20260523,8
147,SELL,2026-05-14 12:33:00,2026-05-14 17:40:00,79687.68,79517.68,10.049999999999999,Basket TP,20260523,8
148,SELL,2026-05-14 12:45:00,2026-05-14 17:40:00,79787.68,79517.68,16.05,Basket TP,20260523,8
149,SELL,2026-05-14 12:51:00,2026-05-14 17:40:00,79887.68,79517.68,22.05,Basket TP,20260523,8
150,SELL,2026-05-14 19:37:00,2026-05-14 19:38:00,79554.33,79522.53,38.32800000000352,Basket TP,20260523,1
151,SELL,2026-05-14 19:48:00,2026-05-14 19:53:00,79681.63,79659.84,26.21590000000986,Basket TP,20260523,1
152,SELL,2026-05-14 19:55:00,2026-05-14 20:18:00,79695.71,79776.58666666667,-98.01076666666268,Basket TP,20260524,3
153,SELL,2026-05-14 20:03:00,2026-05-14 20:18:00,79798.34,79776.58666666667,26.171533333325353,Basket TP,20260524,3
154,SELL,2026-05-14 20:15:00,2026-05-14 20:18:00,79895.71,79776.58666666667,143.98923333333732,Basket TP,20260524,3
155,SELL,2026-05-14 21:21:00,2026-05-14 21:26:00,80157.04,80137.04,1.05,Basket TP,20260523,1
156,BUY,2026-05-14 23:55:00,2026-05-14 23:56:00,81175.3,81277.67,5.99219999999972,Basket TP,20260523,1
157,BUY,2026-05-15 01:03:00,2026-05-15 01:06:00,81557.13,81577.13,1.05,Basket TP,20260523,1
158,BUY,2026-05-15 01:38:00,2026-05-15 01:46:00,81605.33,81575.33,-1.9499999999999997,Basket TP,20260523,2
159,BUY,2026-05-15 01:41:00,2026-05-15 01:46:00,81505.33,81575.33,4.05,Basket TP,20260523,2
160,BUY,2026-05-15 02:31:00,2026-05-15 02:32:00,81367.72,81412.5,2.53679999999993,Basket TP,20260523,1
161,BUY,2026-05-15 03:41:00,2026-05-15 03:42:00,81175.16,81195.16,1.05,Basket TP,20260523,1
162,BUY,2026-05-15 06:11:00,2026-05-15 06:15:00,81233.66,81253.66,1.05,Basket TP,20260523,1
163,BUY,2026-05-15 06:24:00,2026-05-15 06:25:00,81194.44,81280.56,5.01719999999972,Basket TP,20260523,1
164,BUY,2026-05-15 06:52:00,2026-05-15 07:02:00,81087.54,81107.54,1.05,Basket TP,20260523,1
165,BUY,2026-05-15 08:35:00,2026-05-15 08:36:00,81278.58,81305.87,1.487399999999616,Basket TP,20260523,1
166,BUY,2026-05-15 09:40:00,2026-05-15 09:41:00,80864.2,80901.63,45.140300000009155,Basket TP,20260524,1
167,BUY,2026-05-15 09:42:00,2026-05-15 09:43:00,80923.9,80943.9,24.05,Basket TP,20260524,1
168,BUY,2026-05-15 09:44:00,2026-05-15 09:45:00,81048.66,81082.68,41.01419999998732,Basket TP,20260524,1
169,BUY,2026-05-15 10:38:00,2026-05-15 10:39:00,81001.71,81031.36,35.72649999999296,Basket TP,20260523,1
170,BUY,2026-05-15 12:02:00,2026-05-15 12:03:00,80771.44,80797.78,31.721399999995775,Basket TP,20260523,1
171,BUY,2026-05-15 12:05:00,2026-05-15 12:14:00,80823.36,80793.36,-36.449999999999996,Basket TP,20260524,2
172,BUY,2026-05-15 12:07:00,2026-05-15 12:14:00,80723.36,80793.36,84.55,Basket TP,20260524,2
173,BUY,2026-05-15 12:34:00,2026-05-15 12:43:00,80574.13,80494.13,-96.95,Basket TP,20260523,3
174,BUY,2026-05-15 12:35:00,2026-05-15 12:43:00,80474.13,80494.13,24.05,Basket TP,20260523,3
175,BUY,2026-05-15 12:36:00,2026-05-15 12:43:00,80374.13,80494.13,145.04999999999998,Basket TP,20260523,3
176,BUY,2026-05-15 12:45:00,2026-05-15 12:50:00,80459.32,80429.32,-36.449999999999996,Basket TP,20260524,2
177,BUY,2026-05-15 12:48:00,2026-05-15 12:50:00,80359.32,80429.32,84.55,Basket TP,20260524,2
178,BUY,2026-05-15 15:04:00,2026-05-15 15:35:00,80729.13,80599.13,-157.45,Basket TP,20260523,4
179,BUY,2026-05-15 15:16:00,2026-05-15 15:35:00,80629.13,80599.13,-36.449999999999996,Basket TP,20260523,4
180,BUY,2026-05-15 15:28:00,2026-05-15 15:35:00,80529.13,80599.13,84.55,Basket TP,20260523,4
181,BUY,2026-05-15 15:30:00,2026-05-15 15:35:00,80429.13,80599.13,205.54999999999998,Basket TP,20260523,4
182,BUY,2026-05-15 19:09:00,2026-05-15 19:10:00,80434.6,80585.11,8.880599999999685,Basket TP,20260523,1
183,SELL,2026-05-15 21:14:00,2026-05-15 21:16:00,79164.27,79144.27,1.05,Basket TP,20260523,1
184,SELL,2026-05-16 00:30:00,2026-05-16 00:38:00,79342.56,79372.56,-1.9499999999999997,Basket TP,20260523,2
185,SELL,2026-05-16 00:35:00,2026-05-16 00:38:00,79442.56,79372.56,4.05,Basket TP,20260523,2
186,SELL,2026-05-16 01:05:00,2026-05-16 01:06:00,79491.87,79462.43,1.6164000000001397,Basket TP,20260523,1
